                  epoch,         train/box_loss,         train/cls_loss,         train/dfl_loss,   metrics/precision(B),      metrics/recall(B),       metrics/mAP50(B),    metrics/mAP50-95(B),           val/box_loss,           val/cls_loss,           val/dfl_loss,                 lr/pg0,                 lr/pg1,                 lr/pg2
                      1,                 1.9858,                 3.1008,                 1.3767,                 0.5974,                0.37751,                 0.4013,                0.17766,                  1.881,                 6.0081,                 1.4455,              0.0033217,              0.0033217,              0.0033217
                      2,                 1.8788,                 1.8952,                 1.2589,                0.60908,                0.45961,                0.48793,                0.21695,                 1.9314,                 3.6531,                 1.4467,              0.0066293,              0.0066293,              0.0066293
                      3,                 1.8918,                 1.6209,                 1.2708,                0.72298,                0.56281,                0.62586,                0.28623,                 1.7413,                 2.3499,                 1.3184,              0.0099111,              0.0099111,              0.0099111
                      4,                  1.924,                 1.5049,                  1.292,                0.74504,                0.52026,                0.58791,                0.26301,                 1.7819,                  1.837,                  1.337,               0.009884,               0.009884,               0.009884
                      5,                 1.8726,                 1.3875,                 1.2672,                0.73601,                0.56348,                0.62777,                0.30466,                 1.6931,                 3.2244,                 1.2857,              0.0098453,              0.0098453,              0.0098453
                      6,                 1.8241,                 1.2926,                 1.2451,                0.77677,                0.62413,                0.70711,                0.33398,                  1.646,                 1.4772,                 1.2378,              0.0098066,              0.0098066,              0.0098066
                      7,                 1.8078,                 1.2293,                 1.2297,                0.82313,                0.64919,                0.72689,                0.36409,                 1.5484,                 1.1375,                 1.1937,               0.009768,               0.009768,               0.009768
                      8,                 1.7627,                 1.1657,                 1.2128,                0.80475,                0.64227,                0.72659,                0.36766,                 1.5686,                 1.3511,                 1.2502,              0.0097293,              0.0097293,              0.0097293
                      9,                 1.7341,                 1.1231,                 1.1936,                0.81488,                0.66037,                0.74224,                0.36504,                 1.5868,                 1.1877,                 1.2069,              0.0096906,              0.0096906,              0.0096906
                     10,                 1.7057,                 1.0892,                 1.1834,                0.82854,                0.64062,                0.72777,                0.36536,                 1.5839,                 1.2917,                 1.2334,               0.009652,               0.009652,               0.009652
                     11,                 1.6962,                 1.0738,                 1.1773,                0.83453,                0.67843,                0.77786,                0.38863,                 1.5812,                 1.0151,                  1.217,              0.0096133,              0.0096133,              0.0096133
                     12,                 1.6739,                 1.0456,                 1.1609,                0.83462,                0.71711,                0.79716,                0.41138,                 1.5081,                0.92392,                 1.1714,              0.0095746,              0.0095746,              0.0095746
                     13,                 1.6608,                 1.0179,                 1.1575,                 0.8388,                0.73986,                0.81465,                0.42689,                 1.4528,                0.98994,                 1.1408,              0.0095359,              0.0095359,              0.0095359
                     14,                 1.6414,                0.99741,                 1.1574,                0.82304,                0.72931,                0.81111,                0.42235,                 1.4713,                 0.9783,                 1.1389,              0.0094973,              0.0094973,              0.0094973
                     15,                 1.6234,                0.97257,                 1.1367,                0.83625,                 0.7303,                0.81589,                0.42381,                 1.4709,                0.92434,                 1.1348,              0.0094586,              0.0094586,              0.0094586
                     16,                 1.6033,                0.95084,                 1.1352,                0.83185,                0.77151,                0.83326,                0.44193,                 1.4101,                0.96064,                 1.1022,              0.0094199,              0.0094199,              0.0094199
                     17,                 1.6093,                0.94543,                 1.1271,                0.86595,                0.76228,                0.85354,                0.46127,                 1.3915,                0.85005,                 1.1025,              0.0093813,              0.0093813,              0.0093813
                     18,                 1.6064,                0.93995,                 1.1255,                0.88404,                0.77419,                0.85843,                0.46824,                 1.3581,                0.85232,                 1.0849,              0.0093426,              0.0093426,              0.0093426
                     19,                 1.5842,                0.93891,                  1.125,                0.86228,                0.75833,                0.84393,                0.44452,                 1.4181,                 0.8634,                 1.1032,              0.0093039,              0.0093039,              0.0093039
                     20,                 1.5933,                0.92291,                  1.123,                0.87426,                0.74415,                0.83648,                0.44324,                 1.4169,                0.88683,                 1.1066,              0.0092652,              0.0092652,              0.0092652
                     21,                 1.5638,                0.90291,                 1.1105,                0.86546,                0.79393,                0.86606,                0.46494,                 1.3679,                0.87095,                 1.0837,              0.0092266,              0.0092266,              0.0092266
                     22,                 1.5743,                0.89739,                 1.1172,                0.87418,                0.77199,                0.85558,                0.46243,                 1.3754,                0.76869,                 1.0881,              0.0091879,              0.0091879,              0.0091879
                     23,                 1.5576,                0.89176,                 1.1035,                 0.8862,                0.77778,                0.86759,                0.46696,                  1.353,                0.81192,                 1.0761,              0.0091492,              0.0091492,              0.0091492
                     24,                 1.5508,                0.88481,                 1.1082,                0.88563,                0.78536,                0.87163,                0.46954,                 1.3684,                0.80027,                 1.0933,              0.0091105,              0.0091105,              0.0091105
                     25,                 1.5424,                0.86577,                 1.1048,                0.87757,                0.75734,                0.84568,                 0.4541,                 1.3945,                0.83177,                 1.1014,              0.0090719,              0.0090719,              0.0090719
                     26,                 1.5189,                0.85105,                 1.0952,                0.88708,                0.78239,                 0.8648,                0.46976,                  1.387,                0.81391,                 1.0977,              0.0090332,              0.0090332,              0.0090332
                     27,                 1.5219,                0.85192,                 1.0959,                0.88568,                0.78165,                0.86243,                0.47047,                 1.3552,                0.92881,                 1.0792,              0.0089945,              0.0089945,              0.0089945
                     28,                 1.5322,                0.85486,                  1.099,                0.88562,                0.81009,                0.87885,                0.48549,                 1.3205,                0.74224,                 1.0631,              0.0089559,              0.0089559,              0.0089559
                     29,                 1.5174,                0.83922,                 1.0933,                0.87976,                0.80094,                0.87233,                0.48229,                 1.3025,                0.72646,                 1.0492,              0.0089172,              0.0089172,              0.0089172
                     30,                 1.5023,                 0.8302,                 1.0784,                0.88593,                0.80943,                0.88137,                0.49141,                 1.3262,                0.75302,                 1.0632,              0.0088785,              0.0088785,              0.0088785
                     31,                 1.5098,                0.83266,                 1.0903,                0.90237,                0.81058,                0.88848,                0.49144,                  1.337,                0.69329,                 1.0657,              0.0088398,              0.0088398,              0.0088398
                     32,                 1.4928,                0.82547,                 1.0807,                0.89326,                0.81866,                  0.893,                0.49616,                 1.2968,                0.71772,                 1.0462,              0.0088012,              0.0088012,              0.0088012
                     33,                 1.4984,                0.83295,                 1.0831,                0.91634,                0.81976,                0.89826,                0.50489,                 1.2756,                0.65628,                 1.0421,              0.0087625,              0.0087625,              0.0087625
                     34,                 1.4878,                0.81695,                 1.0746,                0.89381,                0.81591,                0.88921,                0.49648,                 1.3108,                0.68428,                 1.0603,              0.0087238,              0.0087238,              0.0087238
                     35,                 1.5057,                0.82158,                 1.0814,                0.89362,                 0.8269,                0.89769,                0.50429,                 1.2836,                0.67787,                 1.0446,              0.0086852,              0.0086852,              0.0086852
                     36,                 1.4771,                0.81431,                 1.0747,                0.91137,                0.81032,                0.89445,                0.50247,                 1.2856,                0.68747,                 1.0418,              0.0086465,              0.0086465,              0.0086465
                     37,                 1.4856,                0.80457,                 1.0799,                0.89827,                 0.8269,                0.89772,                0.50629,                 1.2583,                0.69969,                 1.0286,              0.0086078,              0.0086078,              0.0086078
                     38,                 1.4755,                0.80379,                 1.0691,                0.89896,                0.81257,                0.89394,                0.49747,                 1.3052,                0.71855,                  1.046,              0.0085691,              0.0085691,              0.0085691
                     39,                 1.4567,                0.78575,                 1.0644,                0.89967,                0.80514,                0.89068,                0.49704,                 1.2771,                0.64264,                 1.0394,              0.0085305,              0.0085305,              0.0085305
                     40,                   1.45,                0.78797,                  1.066,                0.90869,                0.82855,                0.90384,                0.50888,                 1.2547,                0.64968,                 1.0324,              0.0084918,              0.0084918,              0.0084918
                     41,                 1.4513,                0.78636,                  1.068,                0.90708,                0.82295,                 0.9026,                0.50767,                 1.2647,                0.64797,                 1.0372,              0.0084531,              0.0084531,              0.0084531
                     42,                 1.4365,                0.77814,                  1.066,                0.89526,                0.81833,                0.89885,                0.50497,                 1.2787,                0.65914,                 1.0333,              0.0084145,              0.0084145,              0.0084145
                     43,                 1.4591,                0.77879,                 1.0648,                0.90169,                0.82723,                0.89922,                0.51062,                 1.2476,                0.67526,                 1.0242,              0.0083758,              0.0083758,              0.0083758
                     44,                 1.4565,                0.77681,                 1.0617,                0.89619,                0.85393,                0.91163,                 0.5176,                 1.2496,                0.62402,                 1.0256,              0.0083371,              0.0083371,              0.0083371
                     45,                 1.4299,                0.76467,                 1.0526,                0.90563,                0.84485,                 0.9076,                0.51918,                 1.2456,                0.64669,                 1.0221,              0.0082984,              0.0082984,              0.0082984
                     46,                 1.4474,                0.76925,                  1.061,                0.90897,                0.83712,                0.90726,                0.51616,                 1.2713,                0.63424,                 1.0379,              0.0082598,              0.0082598,              0.0082598
                     47,                 1.4255,                0.75295,                  1.049,                0.90913,                0.82921,                0.90208,                0.51984,                 1.2322,                0.62992,                 1.0213,              0.0082211,              0.0082211,              0.0082211
                     48,                 1.4272,                0.76035,                 1.0523,                0.89824,                0.84687,                0.90773,                0.52598,                 1.2132,                0.61248,                 1.0049,              0.0081824,              0.0081824,              0.0081824
                     49,                 1.4424,                0.77141,                 1.0518,                0.90507,                0.84669,                0.91289,                0.51668,                 1.2554,                0.61894,                 1.0299,              0.0081437,              0.0081437,              0.0081437
                     50,                 1.4304,                0.75699,                 1.0485,                0.90748,                0.82789,                0.91093,                 0.5199,                 1.2631,                0.59982,                 1.0324,              0.0081051,              0.0081051,              0.0081051
                     51,                 1.4313,                0.75423,                   1.05,                0.90872,                0.85014,                0.91724,                0.52764,                 1.2258,                 0.5957,                  1.012,              0.0080664,              0.0080664,              0.0080664
                     52,                 1.4162,                0.73708,                 1.0472,                0.91373,                0.84405,                0.91266,                0.53023,                 1.2235,                0.58974,                 1.0169,              0.0080277,              0.0080277,              0.0080277
                     53,                 1.4351,                0.75276,                 1.0518,                0.90549,                0.85291,                0.91676,                0.53026,                  1.234,                0.62349,                 1.0103,              0.0079891,              0.0079891,              0.0079891
                     54,                 1.4081,                 0.7398,                 1.0404,                0.92198,                0.84543,                0.91472,                0.53105,                 1.2241,                0.58076,                 1.0088,              0.0079504,              0.0079504,              0.0079504
                     55,                 1.4077,                0.73845,                 1.0426,                0.92674,                0.84833,                0.91736,                0.52948,                 1.2302,                 0.5799,                 1.0126,              0.0079117,              0.0079117,              0.0079117
                     56,                 1.4098,                0.73264,                 1.0422,                0.92666,                0.83733,                0.91657,                0.53308,                 1.2057,                0.59312,                 1.0029,               0.007873,               0.007873,               0.007873
                     57,                 1.4075,                0.73877,                 1.0382,                0.91688,                0.85104,                0.91861,                0.53285,                 1.2235,                0.63467,                 1.0109,              0.0078344,              0.0078344,              0.0078344
                     58,                 1.3944,                 0.7347,                 1.0423,                0.91904,                0.84372,                0.91398,                0.53051,                 1.2194,                0.57422,                 1.0133,              0.0077957,              0.0077957,              0.0077957
                     59,                 1.3939,                0.72652,                 1.0364,                 0.9083,                0.85658,                0.91655,                0.53187,                 1.2028,                0.58184,                 1.0045,               0.007757,               0.007757,               0.007757
                     60,                 1.3903,                0.72753,                 1.0356,                0.91615,                0.84932,                0.92343,                0.53689,                 1.2041,                0.57359,                 1.0062,              0.0077184,              0.0077184,              0.0077184
                     61,                 1.3831,                0.72268,                 1.0336,                0.91927,                0.85976,                0.92568,                0.53514,                 1.2134,                0.57661,                  1.006,              0.0076797,              0.0076797,              0.0076797
                     62,                 1.3821,                0.71465,                 1.0319,                0.91939,                0.84471,                0.91522,                0.53001,                 1.2124,                0.56737,                 1.0067,               0.007641,               0.007641,               0.007641
                     63,                 1.3614,                0.70795,                 1.0252,                0.91794,                0.85097,                0.92159,                0.53765,                 1.1979,                0.56358,                 0.9999,              0.0076023,              0.0076023,              0.0076023
                     64,                 1.3839,                 0.7167,                 1.0322,                0.91676,                0.84965,                 0.9206,                 0.5362,                 1.2004,                0.56356,                 1.0003,              0.0075637,              0.0075637,              0.0075637
                     65,                 1.3617,                0.70635,                 1.0313,                0.91707,                0.85679,                0.92421,                0.54243,                 1.1904,                0.55596,                0.99019,               0.007525,               0.007525,               0.007525
                     66,                 1.3782,                0.71717,                  1.033,                0.91951,                0.84899,                0.91891,                0.53906,                 1.1915,                0.55853,                0.99431,              0.0074863,              0.0074863,              0.0074863
                     67,                 1.3693,                0.71458,                 1.0286,                0.91234,                0.85955,                0.92524,                0.54008,                  1.209,                0.58562,                 1.0124,              0.0074477,              0.0074477,              0.0074477
                     68,                 1.3655,                0.70432,                 1.0268,                0.92071,                0.86086,                0.92693,                 0.5472,                 1.2039,                0.55331,                 1.0013,               0.007409,               0.007409,               0.007409
                     69,                 1.3634,                0.70865,                 1.0276,                 0.9236,                0.86099,                0.93131,                0.54778,                  1.181,                0.54358,                0.99361,              0.0073703,              0.0073703,              0.0073703
                     70,                 1.3548,                0.69786,                 1.0224,                0.92085,                0.86185,                0.92965,                0.54613,                 1.1752,                0.55062,                0.99389,              0.0073316,              0.0073316,              0.0073316
                     71,                 1.3466,                0.69104,                 1.0233,                0.92796,                 0.8579,                0.92741,                0.54788,                 1.1745,                0.54693,                0.99114,               0.007293,               0.007293,               0.007293
                     72,                 1.3587,                0.70271,                 1.0225,                0.93724,                0.86251,                 0.9329,                0.54955,                 1.1837,                0.54493,                0.99614,              0.0072543,              0.0072543,              0.0072543
                     73,                 1.3752,                0.70527,                 1.0294,                0.91876,                0.86876,                0.93258,                0.55182,                 1.1815,                0.54237,                  0.997,              0.0072156,              0.0072156,              0.0072156
                     74,                 1.3753,                0.69508,                 1.0287,                0.92793,                0.86317,                0.93286,                0.54862,                 1.1844,                0.54063,                0.99068,               0.007177,               0.007177,               0.007177
                     75,                 1.3499,                0.69335,                 1.0253,                0.93532,                0.86449,                0.93236,                0.55157,                 1.1852,                0.53392,                0.99451,              0.0071383,              0.0071383,              0.0071383
                     76,                 1.3726,                0.70015,                 1.0218,                0.92903,                0.86812,                0.93705,                0.54884,                 1.1862,                0.54061,                0.99439,              0.0070996,              0.0070996,              0.0070996
                     77,                 1.3512,                0.69156,                 1.0166,                0.92961,                0.87076,                0.93499,                0.54756,                 1.1793,                0.53815,                 0.9892,              0.0070609,              0.0070609,              0.0070609
                     78,                 1.3429,                0.69213,                 1.0161,                0.91755,                0.87306,                0.93319,                0.54878,                 1.1719,                0.54354,                 0.9937,              0.0070223,              0.0070223,              0.0070223
                     79,                 1.3525,                0.69161,                 1.0206,                0.92771,                0.87108,                0.93562,                0.55235,                 1.1709,                0.53403,                0.99073,              0.0069836,              0.0069836,              0.0069836
                     80,                  1.334,                0.68026,                 1.0163,                0.93417,                0.87498,                 0.9357,                0.54413,                 1.1835,                0.53195,                0.99025,              0.0069449,              0.0069449,              0.0069449
                     81,                 1.3422,                0.68504,                 1.0165,                0.92621,                0.88295,                0.93898,                0.55428,                 1.1684,                0.53196,                 0.9858,              0.0069063,              0.0069063,              0.0069063
                     82,                 1.3391,                0.68444,                 1.0172,                0.92435,                0.87537,                0.93708,                0.55275,                 1.1677,                  0.528,                0.98891,              0.0068676,              0.0068676,              0.0068676
                     83,                 1.3246,                0.67343,                 1.0108,                0.92998,                0.87145,                   0.94,                0.54976,                 1.1785,                0.53087,                 0.9944,              0.0068289,              0.0068289,              0.0068289
                     84,                 1.3236,                0.66933,                 1.0089,                 0.9245,                0.87076,                0.93794,                0.55428,                 1.1743,                 0.5448,                0.98942,              0.0067902,              0.0067902,              0.0067902
                     85,                 1.3305,                0.67808,                 1.0127,                0.92367,                0.87382,                0.93505,                0.55798,                  1.152,                0.51781,                0.98287,              0.0067516,              0.0067516,              0.0067516
                     86,                 1.3281,                0.67312,                 1.0132,                0.92195,                0.88022,                0.93715,                0.56065,                 1.1536,                 0.5171,                0.98539,              0.0067129,              0.0067129,              0.0067129
                     87,                 1.3181,                0.66756,                 1.0037,                0.92984,                0.87273,                0.93636,                0.55638,                 1.1553,                0.52728,                0.98735,              0.0066742,              0.0066742,              0.0066742
                     88,                 1.3263,                0.66561,                 1.0109,                0.92669,                0.87669,                0.94005,                0.55729,                 1.1594,                0.52453,                 0.9873,              0.0066355,              0.0066355,              0.0066355
                     89,                 1.3413,                0.67885,                 1.0151,                0.92849,                0.88189,                0.94317,                0.56042,                 1.1514,                 0.5164,                0.98781,              0.0065969,              0.0065969,              0.0065969
                     90,                 1.3229,                0.66789,                 1.0068,                 0.9247,                0.87864,                0.93716,                0.56222,                 1.1522,                0.51307,                0.98533,              0.0065582,              0.0065582,              0.0065582
                     91,                 1.3281,                0.66798,                 1.0105,                0.93309,                0.87603,                0.94209,                0.56128,                 1.1547,                 0.5118,                0.98246,              0.0065195,              0.0065195,              0.0065195
                     92,                 1.3323,                0.67233,                 1.0164,                0.93325,                 0.8758,                0.94225,                0.55915,                 1.1542,                0.51332,                0.98445,              0.0064809,              0.0064809,              0.0064809
                     93,                 1.3207,                0.66379,                 1.0065,                0.93314,                0.88032,                0.94282,                0.56204,                 1.1502,                0.51471,                0.98454,              0.0064422,              0.0064422,              0.0064422
                     94,                 1.3082,                0.65697,                 1.0083,                0.92452,                 0.8844,                0.94201,                 0.5647,                 1.1414,                0.50262,                0.97974,              0.0064035,              0.0064035,              0.0064035
                     95,                 1.3043,                0.65234,                 1.0019,                0.92924,                0.88394,                0.94169,                  0.562,                  1.158,                0.50601,                0.98731,              0.0063648,              0.0063648,              0.0063648
                     96,                  1.315,                0.66195,                 1.0026,                  0.924,                0.88691,                0.94018,                0.56065,                 1.1553,                0.51265,                0.98896,              0.0063262,              0.0063262,              0.0063262
                     97,                 1.3139,                0.65988,                 1.0054,                0.92227,                0.89196,                0.94139,                 0.5603,                 1.1535,                0.50834,                0.98609,              0.0062875,              0.0062875,              0.0062875
                     98,                 1.2985,                 0.6524,                  1.008,                 0.9265,                0.88361,                0.94014,                0.55966,                 1.1546,                0.50489,                 0.9867,              0.0062488,              0.0062488,              0.0062488
                     99,                   1.32,                0.66293,                 1.0046,                0.92912,                0.88592,                0.94292,                0.56063,                 1.1486,                0.50281,                0.98372,              0.0062102,              0.0062102,              0.0062102
                    100,                 1.3057,                 0.6533,                 1.0081,                0.93557,                0.88089,                0.94264,                0.56314,                 1.1504,                0.52031,                0.98341,              0.0061715,              0.0061715,              0.0061715
                    101,                 1.2939,                0.64402,                0.99822,                0.93829,                0.88295,                0.94478,                0.56438,                 1.1448,                 0.5028,                0.97775,              0.0061328,              0.0061328,              0.0061328
                    102,                 1.2911,                0.64332,                 1.0022,                0.92518,                0.88625,                0.94239,                0.56555,                 1.1419,                0.49686,                0.97753,              0.0060941,              0.0060941,              0.0060941
                    103,                 1.3015,                0.64885,                 1.0001,                0.94105,                0.87893,                0.94611,                0.56114,                 1.1436,                0.50248,                0.97716,              0.0060555,              0.0060555,              0.0060555
                    104,                 1.3091,                0.65962,                 1.0004,                0.93382,                0.88197,                0.94552,                0.56824,                 1.1414,                0.49589,                0.97118,              0.0060168,              0.0060168,              0.0060168
                    105,                 1.2864,                0.64098,                0.99365,                0.93352,                0.88955,                0.94718,                0.56831,                 1.1322,                0.49144,                0.97211,              0.0059781,              0.0059781,              0.0059781
                    106,                  1.292,                0.64863,                  1.003,                0.94082,                0.88328,                0.94706,                0.56576,                 1.1442,                0.49969,                 0.9818,              0.0059395,              0.0059395,              0.0059395
                    107,                  1.291,                0.64818,                 1.0016,                0.92391,                0.89219,                0.94378,                 0.5663,                 1.1388,                0.49959,                0.97772,              0.0059008,              0.0059008,              0.0059008
                    108,                 1.2864,                0.64393,                0.99367,                0.93432,                0.89115,                0.94784,                0.56939,                 1.1335,                0.49096,                0.97284,              0.0058621,              0.0058621,              0.0058621
                    109,                 1.2845,                0.63998,                0.99662,                0.93449,                0.89285,                0.94732,                0.57106,                 1.1327,                0.48795,                0.97377,              0.0058234,              0.0058234,              0.0058234
                    110,                 1.2885,                0.64275,                0.99899,                 0.9261,                0.89252,                0.94878,                0.57257,                 1.1334,                0.48964,                0.97406,              0.0057848,              0.0057848,              0.0057848
                    111,                 1.2955,                0.64409,                 1.0012,                 0.9266,                0.89898,                0.94888,                 0.5725,                 1.1269,                0.48617,                0.97056,              0.0057461,              0.0057461,              0.0057461
                    112,                 1.2845,                0.63817,                0.99588,                0.92964,                0.90175,                0.95079,                0.57662,                 1.1226,                 0.4823,                 0.9675,              0.0057074,              0.0057074,              0.0057074
                    113,                 1.2799,                0.63201,                0.99642,                0.92809,                 0.8978,                0.95097,                0.57787,                 1.1176,                0.47655,                0.96729,              0.0056688,              0.0056688,              0.0056688
                    114,                 1.2834,                0.63329,                0.99581,                0.93612,                0.89383,                0.94969,                0.57603,                 1.1207,                0.47872,                0.96762,              0.0056301,              0.0056301,              0.0056301
                    115,                 1.2861,                0.63678,                0.99589,                0.93219,                0.90198,                0.94986,                0.57593,                 1.1268,                0.47934,                0.97039,              0.0055914,              0.0055914,              0.0055914
                    116,                 1.2774,                0.63391,                0.99142,                0.92914,                0.90076,                0.94799,                0.57349,                  1.123,                0.47848,                0.96907,              0.0055527,              0.0055527,              0.0055527
                    117,                 1.2795,                0.63063,                0.99323,                 0.9302,                0.89779,                0.94642,                0.57163,                 1.1264,                0.48186,                0.97104,              0.0055141,              0.0055141,              0.0055141
                    118,                 1.2605,                0.62883,                0.99033,                0.93031,                0.89944,                0.94979,                0.57264,                 1.1304,                0.47878,                0.97315,              0.0054754,              0.0054754,              0.0054754
                    119,                 1.2757,                0.63126,                0.99378,                0.92631,                0.90766,                0.95081,                0.57645,                 1.1264,                0.47767,                0.97238,              0.0054367,              0.0054367,              0.0054367
                    120,                 1.2677,                0.62481,                0.98537,                0.92378,                0.90109,                0.95026,                0.57378,                 1.1314,                0.47874,                0.97276,               0.005398,               0.005398,               0.005398
                    121,                 1.2651,                 0.6241,                0.99249,                0.93103,                0.89911,                0.94926,                 0.5739,                 1.1239,                 0.4792,                0.96983,              0.0053594,              0.0053594,              0.0053594
                    122,                 1.2719,                0.62909,                0.99018,                0.92708,                0.89704,                0.94941,                0.57366,                 1.1242,                0.47649,                0.97077,              0.0053207,              0.0053207,              0.0053207
                    123,                 1.2527,                 0.6197,                0.98588,                0.93278,                 0.8912,                 0.9494,                0.57287,                 1.1258,                0.47864,                0.97247,               0.005282,               0.005282,               0.005282
                    124,                 1.2763,                0.62882,                0.99318,                0.93274,                0.89162,                0.94984,                0.57303,                 1.1212,                0.47923,                0.97149,              0.0052434,              0.0052434,              0.0052434
                    125,                 1.2522,                0.62136,                0.99381,                0.93235,                0.89449,                0.95151,                0.57346,                 1.1224,                0.47666,                0.97064,              0.0052047,              0.0052047,              0.0052047
                    126,                 1.2525,                0.61587,                0.98473,                0.93285,                0.90406,                0.95248,                0.57481,                 1.1211,                0.47411,                0.96929,               0.005166,               0.005166,               0.005166
                    127,                 1.2648,                0.62227,                0.98672,                 0.9353,                0.89602,                0.95216,                0.57777,                 1.1116,                0.47463,                0.96523,              0.0051273,              0.0051273,              0.0051273
                    128,                 1.2433,                 0.6104,                 0.9808,                0.93791,                0.89845,                0.95224,                0.57852,                 1.1089,                0.47217,                0.96421,              0.0050887,              0.0050887,              0.0050887
                    129,                 1.2538,                 0.6184,                 0.9827,                0.94218,                0.89717,                0.95195,                0.57741,                 1.1131,                0.46997,                0.96433,                0.00505,                0.00505,                0.00505
                    130,                 1.2391,                0.60944,                0.97814,                0.93123,                0.90241,                0.95056,                0.57756,                 1.1122,                0.47096,                0.96449,              0.0050113,              0.0050113,              0.0050113
                    131,                 1.2352,                 0.6101,                0.98099,                0.93127,                0.90109,                 0.9516,                0.57935,                 1.1109,                0.46887,                0.96387,              0.0049727,              0.0049727,              0.0049727
                    132,                 1.2497,                0.61298,                0.98048,                0.93237,                0.89999,                0.95277,                0.57997,                 1.1114,                0.46602,                0.96352,               0.004934,               0.004934,               0.004934
                    133,                 1.2524,                0.61166,                0.98341,                0.92593,                0.90675,                0.95232,                0.58023,                 1.1083,                0.46489,                   0.96,              0.0048953,              0.0048953,              0.0048953
                    134,                 1.2395,                0.60826,                0.98116,                0.93603,                0.90209,                0.95131,                0.57943,                 1.1118,                0.46633,                0.96084,              0.0048566,              0.0048566,              0.0048566
                    135,                 1.2544,                 0.6131,                0.99062,                0.93871,                0.90043,                 0.9521,                0.57865,                 1.1111,                0.46637,                0.96274,               0.004818,               0.004818,               0.004818
                    136,                 1.2431,                0.60729,                0.97874,                0.93259,                0.90308,                 0.9538,                0.58059,                 1.1112,                0.46297,                 0.9623,              0.0047793,              0.0047793,              0.0047793
                    137,                 1.2427,                0.61187,                0.97668,                0.93358,                0.89905,                0.95295,                0.57927,                 1.1144,                0.46559,                0.96317,              0.0047406,              0.0047406,              0.0047406
                    138,                  1.236,                0.60601,                0.97611,                0.92901,                0.90604,                0.95307,                0.57899,                 1.1159,                0.46399,                0.96565,               0.004702,               0.004702,               0.004702
                    139,                 1.2404,                0.60458,                0.98001,                0.92941,                0.90729,                0.95296,                0.57952,                   1.11,                0.46437,                0.96327,              0.0046633,              0.0046633,              0.0046633
                    140,                 1.2333,                0.60505,                0.97729,                0.92698,                0.91248,                0.95313,                0.58118,                 1.1083,                0.46299,                 0.9627,              0.0046246,              0.0046246,              0.0046246
                    141,                 1.2281,                0.60349,                0.97754,                0.92472,                0.91263,                0.95293,                 0.5816,                 1.1123,                0.46532,                0.96525,              0.0045859,              0.0045859,              0.0045859
                    142,                 1.2244,                 0.5982,                0.97571,                0.94296,                0.89581,                0.95381,                0.58184,                 1.1085,                0.46324,                0.96403,              0.0045473,              0.0045473,              0.0045473
                    143,                 1.2326,                0.60358,                0.97215,                 0.9323,                0.90208,                0.95386,                0.58361,                 1.1075,                0.46652,                0.96363,              0.0045086,              0.0045086,              0.0045086
                    144,                 1.2256,                0.60166,                0.97567,                 0.9451,                0.89482,                0.95317,                0.58266,                 1.1086,                0.46964,                0.96225,              0.0044699,              0.0044699,              0.0044699
                    145,                 1.2217,                0.59662,                0.97606,                0.94089,                0.90043,                0.95333,                0.58206,                 1.1072,                0.46541,                0.96115,              0.0044313,              0.0044313,              0.0044313
                    146,                 1.2253,                0.60076,                0.97483,                0.94259,                0.89869,                0.95336,                0.58252,                 1.1069,                  0.465,                0.96159,              0.0043926,              0.0043926,              0.0043926
                    147,                  1.223,                0.59588,                0.97696,                0.94101,                0.89936,                0.95338,                0.58235,                 1.1078,                0.46428,                0.96035,              0.0043539,              0.0043539,              0.0043539
                    148,                 1.2249,                0.59957,                0.97573,                0.93968,                0.89881,                  0.954,                0.58255,                 1.1058,                0.45808,                0.96102,              0.0043152,              0.0043152,              0.0043152
                    149,                 1.2242,                0.59971,                0.96907,                 0.9332,                0.90439,                0.95218,                0.58185,                 1.1078,                0.45752,                0.96284,              0.0042766,              0.0042766,              0.0042766
                    150,                 1.2207,                 0.5935,                0.97417,                0.94398,                0.89446,                 0.9523,                  0.583,                 1.1076,                0.45693,                0.96365,              0.0042379,              0.0042379,              0.0042379
                    151,                 1.2166,                0.59009,                0.97264,                0.93945,                0.90175,                0.95292,                0.58288,                 1.1084,                 0.4572,                0.96357,              0.0041992,              0.0041992,              0.0041992
                    152,                 1.2046,                0.58154,                0.97177,                0.93573,                0.90251,                0.95224,                0.58187,                 1.1124,                0.45745,                0.96477,              0.0041605,              0.0041605,              0.0041605
                    153,                   1.22,                0.58759,                0.97233,                0.93572,                 0.9023,                0.95118,                0.58086,                 1.1145,                0.45804,                0.96585,              0.0041219,              0.0041219,              0.0041219
                    154,                 1.2097,                0.58771,                0.96789,                0.93975,                0.90142,                0.95382,                0.58141,                 1.1124,                0.45766,                0.96396,              0.0040832,              0.0040832,              0.0040832
                    155,                 1.2205,                0.58772,                0.97496,                0.94037,                 0.8995,                0.95305,                0.58167,                 1.1118,                0.45735,                0.96287,              0.0040445,              0.0040445,              0.0040445
                    156,                 1.1957,                0.57856,                0.96869,                0.93733,                 0.9001,                0.95297,                0.58159,                 1.1124,                0.45738,                0.96193,              0.0040059,              0.0040059,              0.0040059
                    157,                 1.2166,                0.59145,                0.96883,                0.93509,                0.91194,                0.95508,                0.58295,                 1.1105,                0.45587,                 0.9614,              0.0039672,              0.0039672,              0.0039672
                    158,                 1.1998,                0.57964,                0.97302,                0.93058,                0.91658,                0.95461,                0.58255,                 1.1109,                0.45463,                0.96097,              0.0039285,              0.0039285,              0.0039285
                    159,                 1.1971,                0.57867,                0.96581,                0.93364,                0.90916,                0.95381,                0.58189,                 1.1106,                0.45469,                0.96091,              0.0038898,              0.0038898,              0.0038898
                    160,                 1.2016,                0.58148,                0.97025,                 0.9311,                0.91362,                 0.9548,                0.58218,                 1.1101,                 0.4544,                 0.9605,              0.0038512,              0.0038512,              0.0038512
                    161,                 1.2227,                0.58862,                0.97253,                0.93105,                0.91395,                0.95599,                0.58324,                 1.1099,                0.45331,                0.95944,              0.0038125,              0.0038125,              0.0038125
                    162,                 1.1813,                 0.5735,                0.96211,                0.93294,                0.91284,                0.95501,                0.58353,                 1.1106,                0.45368,                0.95879,              0.0037738,              0.0037738,              0.0037738
                    163,                 1.1936,                0.57989,                0.96316,                0.93729,                0.90768,                0.95438,                0.58316,                 1.1102,                0.45457,                0.95821,              0.0037352,              0.0037352,              0.0037352
                    164,                  1.185,                0.56913,                0.96434,                 0.9356,                0.91016,                0.95481,                0.58329,                 1.1101,                0.45428,                  0.959,              0.0036965,              0.0036965,              0.0036965
                    165,                 1.1967,                 0.5741,                0.96455,                0.93785,                0.90556,                0.95364,                0.58367,                 1.1095,                0.45289,                0.95868,              0.0036578,              0.0036578,              0.0036578
                    166,                 1.1981,                0.57659,                0.96173,                0.93457,                0.91263,                0.95484,                0.58341,                 1.1103,                0.45223,                0.95896,              0.0036191,              0.0036191,              0.0036191
                    167,                 1.1869,                0.57148,                0.96554,                0.93235,                0.91336,                0.95472,                0.58364,                 1.1084,                0.45245,                0.95818,              0.0035805,              0.0035805,              0.0035805
                    168,                 1.1967,                0.57586,                0.96171,                0.92798,                0.91765,                0.95629,                0.58517,                 1.1074,                0.45213,                0.95795,              0.0035418,              0.0035418,              0.0035418
                    169,                 1.1876,                0.57354,                0.95999,                 0.9347,                0.91592,                0.95651,                0.58554,                 1.1057,                0.45083,                0.95708,              0.0035031,              0.0035031,              0.0035031
                    170,                 1.1826,                0.57288,                0.96103,                0.93859,                0.91216,                0.95758,                0.58585,                 1.1047,                0.45087,                0.95627,              0.0034645,              0.0034645,              0.0034645
                    171,                 1.1806,                0.56735,                0.96206,                0.93669,                0.91329,                0.95649,                  0.587,                 1.1033,                0.44963,                0.95545,              0.0034258,              0.0034258,              0.0034258
                    172,                 1.1889,                0.56918,                0.95519,                0.93931,                0.91337,                0.95742,                 0.5871,                 1.1031,                0.44859,                0.95538,              0.0033871,              0.0033871,              0.0033871
                    173,                  1.187,                0.56923,                0.95876,                0.93926,                 0.9127,                 0.9569,                0.58731,                 1.1018,                0.44712,                0.95485,              0.0033484,              0.0033484,              0.0033484
                    174,                 1.1794,                0.56486,                0.95701,                0.94058,                0.91131,                0.95661,                0.58816,                 1.1019,                0.44607,                0.95446,              0.0033098,              0.0033098,              0.0033098
                    175,                 1.1733,                0.56484,                0.96261,                0.94294,                0.90996,                0.95675,                0.58723,                 1.1022,                 0.4461,                0.95468,              0.0032711,              0.0032711,              0.0032711
                    176,                 1.1882,                0.56878,                0.96374,                0.94417,                0.90888,                0.95758,                0.58777,                 1.1023,                0.44552,                0.95467,              0.0032324,              0.0032324,              0.0032324
                    177,                 1.1721,                0.56375,                0.95818,                0.94123,                  0.909,                0.95647,                 0.5873,                 1.1033,                0.44561,                0.95479,              0.0031938,              0.0031938,              0.0031938
                    178,                  1.172,                0.56506,                0.95756,                  0.942,                0.91131,                0.95645,                0.58766,                 1.1026,                0.44573,                0.95414,              0.0031551,              0.0031551,              0.0031551
                    179,                 1.1671,                0.56012,                0.95974,                0.93775,                0.91592,                0.95665,                0.58738,                 1.1037,                0.44591,                0.95501,              0.0031164,              0.0031164,              0.0031164
                    180,                 1.1764,                0.56208,                 0.9602,                0.93623,                0.91658,                0.95614,                0.58796,                 1.1028,                 0.4458,                0.95487,              0.0030777,              0.0030777,              0.0030777
                    181,                 1.1727,                 0.5643,                0.95738,                0.93609,                 0.9176,                0.95725,                0.58768,                 1.1026,                0.44454,                0.95527,              0.0030391,              0.0030391,              0.0030391
                    182,                 1.1669,                0.55875,                 0.9559,                0.93793,                0.91494,                0.95729,                0.58694,                 1.1027,                0.44438,                0.95535,              0.0030004,              0.0030004,              0.0030004
                    183,                 1.1751,                0.56053,                0.95628,                0.94181,                0.91245,                0.95772,                0.58827,                 1.1018,                0.44334,                0.95481,              0.0029617,              0.0029617,              0.0029617
                    184,                 1.1627,                0.55921,                0.95217,                0.94171,                0.91084,                0.95778,                0.58896,                 1.1011,                0.44312,                0.95476,               0.002923,               0.002923,               0.002923
                    185,                 1.1683,                0.55806,                0.95247,                0.94319,                  0.909,                0.95751,                0.58902,                  1.101,                0.44283,                0.95506,              0.0028844,              0.0028844,              0.0028844
                    186,                 1.1586,                0.55201,                0.95528,                0.94483,                0.90903,                 0.9578,                0.58894,                 1.1005,                0.44248,                0.95498,              0.0028457,              0.0028457,              0.0028457
                    187,                 1.1495,                0.54843,                0.94988,                0.94646,                0.90867,                0.95754,                0.58875,                    1.1,                0.44245,                0.95509,               0.002807,               0.002807,               0.002807
                    188,                 1.1594,                0.55188,                0.95222,                0.94367,                0.91136,                0.95888,                0.58922,                 1.0998,                0.44182,                0.95506,              0.0027684,              0.0027684,              0.0027684
                    189,                 1.1495,                0.54828,                0.95159,                0.94435,                0.91296,                0.95865,                0.58936,                 1.0981,                0.44165,                0.95471,              0.0027297,              0.0027297,              0.0027297
                    190,                 1.1651,                0.55784,                0.95045,                0.94122,                0.91336,                0.95936,                0.58901,                 1.0981,                0.44169,                 0.9549,               0.002691,               0.002691,               0.002691
                    191,                 1.1479,                 0.5458,                0.95314,                0.94372,                0.91098,                0.95864,                0.59009,                 1.0978,                0.44077,                0.95502,              0.0026523,              0.0026523,              0.0026523
                    192,                 1.1447,                 0.5469,                 0.9489,                0.93997,                0.91374,                0.95944,                 0.5908,                 1.0973,                0.44001,                 0.9549,              0.0026137,              0.0026137,              0.0026137
                    193,                  1.144,                0.54283,                0.95157,                0.93999,                 0.9141,                0.95987,                0.59077,                 1.0968,                0.44024,                0.95467,               0.002575,               0.002575,               0.002575
                    194,                 1.1405,                0.54647,                0.95007,                 0.9395,                0.91296,                0.95963,                0.59087,                  1.096,                 0.4399,                0.95463,              0.0025363,              0.0025363,              0.0025363
                    195,                 1.1583,                 0.5476,                0.95306,                0.93998,                0.91197,                0.95926,                0.59091,                 1.0958,                0.43952,                0.95483,              0.0024977,              0.0024977,              0.0024977
                    196,                 1.1293,                0.53903,                0.95069,                0.93953,                0.91183,                0.95906,                0.59105,                 1.0951,                0.43925,                0.95428,               0.002459,               0.002459,               0.002459
                    197,                 1.1509,                0.54823,                0.95141,                0.94028,                0.91131,                0.96012,                 0.5913,                  1.095,                0.43912,                0.95404,              0.0024203,              0.0024203,              0.0024203
                    198,                 1.1409,                0.54267,                0.94839,                0.93899,                0.91338,                0.96009,                0.59159,                  1.095,                0.43925,                0.95386,              0.0023816,              0.0023816,              0.0023816
                    199,                 1.1449,                0.54003,                0.94529,                0.93928,                 0.9129,                0.96027,                0.59207,                 1.0946,                0.43833,                0.95362,               0.002343,               0.002343,               0.002343
                    200,                 1.1245,                0.53658,                0.94755,                0.93937,                0.91296,                0.96026,                0.59187,                 1.0954,                0.43872,                0.95367,              0.0023043,              0.0023043,              0.0023043
                    201,                 1.1339,                0.54009,                0.94852,                0.93982,                0.91135,                0.95989,                0.59221,                 1.0957,                0.43832,                0.95386,              0.0022656,              0.0022656,              0.0022656
                    202,                 1.1363,                0.54322,                0.94265,                0.93786,                0.91329,                0.95994,                0.59198,                 1.0953,                0.43832,                0.95363,               0.002227,               0.002227,               0.002227
                    203,                 1.1195,                 0.5291,                0.94046,                0.93757,                0.91362,                0.96004,                0.59173,                 1.0955,                0.43775,                0.95355,              0.0021883,              0.0021883,              0.0021883
                    204,                 1.1198,                0.53501,                0.94563,                0.93679,                 0.9138,                0.96039,                0.59191,                 1.0953,                 0.4372,                0.95339,              0.0021496,              0.0021496,              0.0021496
                    205,                 1.1312,                 0.5331,                0.94611,                0.93831,                0.91329,                0.96066,                0.59204,                  1.095,                0.43696,                0.95321,              0.0021109,              0.0021109,              0.0021109
                    206,                 1.1306,                0.53716,                0.94515,                0.93867,                0.91336,                0.95992,                0.59202,                 1.0952,                0.43693,                0.95311,              0.0020723,              0.0020723,              0.0020723
                    207,                 1.1262,                0.53385,                0.94502,                0.93713,                0.91406,                0.96001,                0.59208,                 1.0951,                0.43738,                0.95313,              0.0020336,              0.0020336,              0.0020336
                    208,                 1.1226,                0.52656,                0.94099,                0.93873,                0.91434,                0.96082,                0.59211,                 1.0955,                0.43733,                0.95317,              0.0019949,              0.0019949,              0.0019949
                    209,                 1.1255,                0.53447,                0.94637,                 0.9381,                0.91592,                0.96105,                0.59199,                 1.0956,                0.43689,                0.95298,              0.0019563,              0.0019563,              0.0019563
                    210,                  1.117,                0.53058,                0.94361,                0.93862,                0.91767,                0.96141,                 0.5925,                 1.0953,                  0.437,                0.95291,              0.0019176,              0.0019176,              0.0019176
                    211,                 1.1289,                0.53181,                0.94239,                0.93945,                 0.9157,                0.96071,                0.59204,                 1.0948,                0.43642,                0.95278,              0.0018789,              0.0018789,              0.0018789
                    212,                 1.1087,                0.52291,                0.93973,                0.93965,                0.91461,                0.96092,                0.59252,                  1.094,                0.43567,                0.95261,              0.0018402,              0.0018402,              0.0018402
                    213,                 1.1366,                 0.5343,                0.94577,                0.94118,                0.91329,                0.96112,                0.59268,                 1.0937,                0.43558,                0.95247,              0.0018016,              0.0018016,              0.0018016
                    214,                 1.1257,                0.52972,                0.94164,                0.94036,                0.91501,                0.96141,                0.59273,                 1.0932,                0.43504,                0.95244,              0.0017629,              0.0017629,              0.0017629
                    215,                 1.1177,                0.52714,                0.94014,                0.93867,                0.91823,                0.96088,                0.59246,                  1.093,                0.43512,                0.95259,              0.0017242,              0.0017242,              0.0017242
                    216,                 1.1089,                0.52446,                0.93999,                0.93844,                 0.9179,                0.96054,                0.59209,                  1.093,                0.43543,                 0.9524,              0.0016855,              0.0016855,              0.0016855
                    217,                 1.0993,                0.51687,                0.93899,                0.93796,                0.91856,                0.96081,                0.59282,                 1.0925,                0.43564,                 0.9523,              0.0016469,              0.0016469,              0.0016469
                    218,                 1.1017,                0.51929,                0.93643,                0.93667,                0.91922,                0.96115,                0.59283,                 1.0921,                0.43545,                0.95215,              0.0016082,              0.0016082,              0.0016082
                    219,                 1.1009,                0.51933,                0.93521,                0.93626,                0.92017,                0.96111,                0.59294,                  1.092,                0.43526,                  0.952,              0.0015695,              0.0015695,              0.0015695
                    220,                 1.1086,                0.52331,                 0.9401,                0.93648,                0.92021,                 0.9612,                0.59249,                 1.0921,                0.43493,                0.95198,              0.0015309,              0.0015309,              0.0015309
                    221,                 1.1113,                0.52259,                0.94031,                0.93541,                0.91922,                  0.961,                0.59276,                 1.0919,                0.43463,                0.95183,              0.0014922,              0.0014922,              0.0014922
                    222,                 1.1064,                0.52088,                 0.9413,                0.93638,                0.92021,                0.96108,                0.59338,                 1.0917,                0.43447,                0.95165,              0.0014535,              0.0014535,              0.0014535
                    223,                 1.1064,                0.52286,                0.93271,                0.93748,                0.91964,                0.96086,                0.59396,                 1.0911,                 0.4334,                 0.9514,              0.0014148,              0.0014148,              0.0014148
                    224,                 1.1035,                0.51588,                0.93486,                 0.9362,                0.92021,                0.96129,                0.59448,                 1.0909,                0.43331,                0.95123,              0.0013762,              0.0013762,              0.0013762
                    225,                 1.0903,                0.51304,                 0.9339,                0.93577,                 0.9223,                0.96226,                0.59436,                 1.0912,                0.43362,                0.95131,              0.0013375,              0.0013375,              0.0013375
                    226,                 1.0923,                0.51873,                0.93656,                0.93545,                0.92223,                0.96168,                 0.5939,                 1.0908,                0.43315,                0.95127,              0.0012988,              0.0012988,              0.0012988
                    227,                 1.0911,                0.51652,                 0.9328,                0.93592,                0.91984,                0.96117,                0.59395,                 1.0906,                0.43387,                0.95127,              0.0012602,              0.0012602,              0.0012602
                    228,                 1.0853,                0.50802,                0.92871,                0.93562,                0.91955,                0.96095,                0.59436,                 1.0906,                0.43283,                0.95134,              0.0012215,              0.0012215,              0.0012215
                    229,                  1.098,                0.51384,                0.93346,                 0.9357,                 0.9212,                0.96119,                0.59476,                 1.0908,                0.43221,                0.95147,              0.0011828,              0.0011828,              0.0011828
                    230,                 1.0823,                 0.5079,                0.93148,                0.93628,                0.92049,                0.96116,                 0.5949,                 1.0901,                0.43183,                 0.9514,              0.0011441,              0.0011441,              0.0011441
                    231,                 1.0739,                0.50603,                0.93161,                0.93566,                0.92065,                0.96157,                0.59468,                 1.0903,                0.43131,                0.95139,              0.0011055,              0.0011055,              0.0011055
                    232,                 1.0769,                0.50522,                0.92737,                0.93651,                0.92021,                0.96108,                0.59453,                   1.09,                0.43154,                0.95137,              0.0010668,              0.0010668,              0.0010668
                    233,                 1.0787,                0.50585,                0.93082,                0.93763,                0.92021,                0.96096,                0.59475,                   1.09,                0.43151,                0.95126,              0.0010281,              0.0010281,              0.0010281
                    234,                 1.0865,                0.50663,                0.93221,                0.93541,                0.92087,                0.96125,                0.59471,                   1.09,                0.43168,                 0.9512,             0.00098945,             0.00098945,             0.00098945
                    235,                 1.0711,                0.50411,                0.93191,                 0.9357,                0.92126,                0.96125,                0.59437,                 1.0895,                0.43165,                0.95099,             0.00095078,             0.00095078,             0.00095078
                    236,                 1.0844,                0.51308,                 0.9284,                0.93747,                0.91922,                0.96124,                0.59463,                 1.0896,                0.43184,                0.95103,             0.00091211,             0.00091211,             0.00091211
                    237,                 1.0861,                0.50462,                0.93293,                0.93579,                0.92252,                0.96155,                0.59464,                 1.0896,                0.43152,                0.95096,             0.00087344,             0.00087344,             0.00087344
                    238,                 1.0762,                0.50493,                0.92882,                0.93616,                0.92351,                0.96162,                0.59523,                 1.0895,                0.43142,                0.95092,             0.00083477,             0.00083477,             0.00083477
                    239,                 1.0846,                0.50578,                0.93269,                0.93523,                0.92351,                0.96159,                0.59537,                 1.0895,                0.43153,                  0.951,             0.00079609,             0.00079609,             0.00079609
                    240,                 1.0801,                0.50757,                 0.9318,                 0.9355,                0.92296,                0.96167,                0.59524,                 1.0894,                0.43149,                0.95095,             0.00075742,             0.00075742,             0.00075742
                    241,                 1.0747,                0.50328,                0.93204,                0.93677,                0.92328,                0.96165,                0.59553,                  1.089,                0.43076,                0.95095,             0.00071875,             0.00071875,             0.00071875
                    242,                  1.063,                0.49701,                0.92379,                0.93786,                0.92219,                0.96164,                0.59578,                 1.0888,                0.43076,                0.95081,             0.00068008,             0.00068008,             0.00068008
                    243,                 1.0503,                0.49149,                0.92639,                0.93726,                0.92351,                0.96179,                0.59574,                 1.0888,                0.43062,                0.95076,             0.00064141,             0.00064141,             0.00064141
                    244,                  1.057,                0.49355,                0.92383,                0.93794,                0.92351,                0.96187,                0.59555,                 1.0883,                0.43062,                0.95074,             0.00060273,             0.00060273,             0.00060273
                    245,                 1.0542,                0.49258,                0.92495,                0.93726,                0.92351,                0.96196,                0.59512,                 1.0881,                0.43022,                 0.9508,             0.00056406,             0.00056406,             0.00056406
                    246,                 1.0628,                0.49596,                0.92699,                0.93813,                0.92318,                0.96216,                0.59515,                 1.0881,                0.43057,                0.95087,             0.00052539,             0.00052539,             0.00052539
                    247,                 1.0577,                0.47722,                0.92754,                0.93801,                0.92289,                0.96221,                0.59456,                 1.0882,                0.43087,                 0.9511,             0.00048672,             0.00048672,             0.00048672
                    248,                 1.0465,                0.46648,                0.92271,                0.93905,                 0.9194,                0.96206,                0.59487,                 1.0881,                0.43115,                0.95117,             0.00044805,             0.00044805,             0.00044805
                    249,                 1.0538,                0.47065,                0.92759,                 0.9383,                 0.9225,                0.96202,                0.59465,                 1.0884,                0.43103,                0.95124,             0.00040938,             0.00040938,             0.00040938
                    250,                 1.0367,                 0.4651,                0.92241,                0.93897,                0.91889,                0.96174,                0.59428,                 1.0884,                0.43133,                0.95128,              0.0003707,              0.0003707,              0.0003707
                    251,                  1.031,                0.46385,                0.92388,                0.93824,                0.91823,                 0.9614,                0.59459,                 1.0882,                0.43112,                0.95139,             0.00033203,             0.00033203,             0.00033203
                    252,                  1.035,                0.46563,                0.92208,                0.93843,                0.91964,                 0.9617,                0.59484,                 1.0885,                0.43109,                0.95148,             0.00029336,             0.00029336,             0.00029336
                    253,                 1.0276,                0.46076,                0.91952,                0.93816,                 0.9203,                0.96146,                0.59466,                 1.0887,                0.43123,                0.95153,             0.00025469,             0.00025469,             0.00025469
                    254,                 1.0265,                0.45905,                 0.9209,                0.93797,                0.91988,                0.96129,                0.59466,                 1.0887,                0.43156,                0.95157,             0.00021602,             0.00021602,             0.00021602
                    255,                 1.0189,                0.45588,                0.91759,                0.93872,                0.91929,                0.96155,                0.59483,                 1.0889,                0.43195,                0.95157,             0.00017734,             0.00017734,             0.00017734
                    256,                 1.0321,                0.46255,                0.92041,                0.93868,                0.91863,                0.96153,                0.59456,                 1.0889,                0.43212,                0.95162,             0.00013867,             0.00013867,             0.00013867
